﻿<?xml version="1.0" encoding="utf-8"?>
<Project SchemaVersion="2.16.154.0">
  <Guid>131ba990-4e70-45a2-a6f3-5962da194732</Guid>
  <ProjectFiles>
    <ProjectFile Name="ReferencedAssembly\System.Data.SqlServerCe.dll" ModifiedDate="2010-10-04T09:30:20-06:00" Length="288984" />
    <ProjectFile Name="AlarmServer.neo" ModifiedDate="2014-01-09T08:00:20-07:00" Length="908" />
    <ProjectFile Name="Expressions.neo" ModifiedDate="2014-01-09T08:00:20-07:00" Length="411" />
    <ProjectFile Name="Database.neo" ModifiedDate="2014-01-09T08:00:20-07:00" Length="396" />
    <ProjectFile Name="MultipleLanguages.neo" ModifiedDate="2015-09-16T10:40:12.137503-06:00" Length="22948" />
    <ProjectFile Name="Tags.neo" ModifiedDate="2015-06-02T11:36:46-06:00" Length="140429" />
    <ProjectFile Name="Tags.Script.cs" ModifiedDate="2015-06-02T11:36:46-06:00" Length="971" />
    <ProjectFile Name="Security.neo" ModifiedDate="2015-06-01T15:23:02-06:00" Length="407" />
    <ProjectFile Name="Security.xml" ModifiedDate="2011-02-03T12:00:08-07:00" Length="541" />
    <ProjectFile Name="ProjectImages.neo" ModifiedDate="2015-06-02T11:49:36-06:00" Length="405" />
    <ProjectFile Name="Symbols\reel.png" ModifiedDate="2015-06-02T11:43:48-06:00" Length="144434" />
    <ProjectFile Name="Symbols\beijerlogo.jpg" ModifiedDate="2011-01-24T13:35:30-07:00" Length="1438" />
    <ProjectFile Name="Symbols\open (1).gif" ModifiedDate="2015-06-02T11:29:26-06:00" Length="2547" />
    <ProjectFile Name="LicenseRootComponent.neo" ModifiedDate="2015-06-01T15:23:08-06:00" Length="10516" />
    <ProjectFile Name="ProjectConfiguration.neo" ModifiedDate="2014-01-09T08:00:22-07:00" Length="6326" />
    <ProjectFile Name="SntpClientRootComponent.neo" ModifiedDate="2015-06-01T15:23:08-06:00" Length="419" />
    <ProjectFile Name="RecipeData.neoxaml" ModifiedDate="2015-09-16T10:41:17.4920378-06:00" Length="700" />
    <ProjectFile Name="RecipeData.Script.cs" ModifiedDate="2015-09-16T10:41:17.4930379-06:00" Length="3044" />
    <ProjectFile Name="RecipeData.xaml" ModifiedDate="2015-09-16T10:41:17.5750461-06:00" Length="45526" />
    <ProjectFile Name="Controller1.neo" ModifiedDate="2015-06-02T11:35:54-06:00" Length="2963" />
    <ProjectFile Name="RecipeUtils.neo" ModifiedDate="2015-09-16T10:45:28.0680929-06:00" Length="404" />
    <ProjectFile Name="RecipeUtils.Script.cs" ModifiedDate="2015-09-16T10:45:28.0700931-06:00" Length="7197" />
    <ProjectFile Name="Theater.neo" ModifiedDate="2015-06-02T11:20:56-06:00" Length="5113" />
    <ProjectFile Name="Printer1.xml" ModifiedDate="2014-01-09T08:00:20-07:00" Length="850" />
  </ProjectFiles>
</Project>